[{"id":"StudentId0","name":"아카데미0","gender":"M","age":25,"createdAt":[2024,5,1,22,53,32,559976000]},{"id":"StudentId1","name":"아카데미1","gender":"F","age":22,"createdAt":[2024,5,1,22,53,32,585526000]},{"id":"StudentId2","name":"아카데미2","gender":"M","age":25,"createdAt":[2024,5,1,22,53,32,605062000]},{"id":"StudentId3","name":"아카데미3","gender":"F","age":30,"createdAt":[2024,5,1,22,53,32,605347000]},{"id":"StudentId4","name":"아카데미4","gender":"M","age":23,"createdAt":[2024,5,1,22,53,32,605602000]},{"id":"StudentId5","name":"아카데미5","gender":"F","age":30,"createdAt":[2024,5,1,22,53,32,605905000]},{"id":"StudentId6","name":"아카데미6","gender":"M","age":28,"createdAt":[2024,5,1,22,53,32,606549000]},{"id":"StudentId7","name":"아카데미7","gender":"F","age":28,"createdAt":[2024,5,1,22,53,32,608004000]},{"id":"StudentId8","name":"아카데미8","gender":"M","age":27,"createdAt":[2024,5,1,22,53,32,608385000]},{"id":"StudentId9","name":"아카데미9","gender":"F","age":29,"createdAt":[2024,5,1,22,53,32,608896000]}]